frame_idx,vision_frame_id,model_frame_id,image_path,dRel,yRel,vRel,vLead,vLeadK,aLeadK,aLeadTau,status,fcw,modelProb,radar,radarTrackId,raw_vision_dRel,vEgo
1,421,421,/home/pjk/PycharmProjects/openpilot0.9.6/CAP/data/imgs/test_optim_patch26314/1.png,39.76106643676758,-0.08990728855133057,-0.23906373977661133,10.671819686889648,10.671819686889648,0.0,0.30000001192092896,True,False,0.9950267672538757,False,-1,39.76106689453125,10.910882949829102
2,423,423,/home/pjk/PycharmProjects/openpilot0.9.6/CAP/data/imgs/test_optim_patch26314/2.png,39.6619987487793,-0.10615658760070801,-0.32613515853881836,10.58891487121582,10.58891487121582,0.0,0.30000001192092896,True,False,0.9962413311004639,False,-1,39.661999206542966,10.91504955291748
3,425,425,/home/pjk/PycharmProjects/openpilot0.9.6/CAP/data/imgs/test_optim_patch26314/3.png,39.74848937988281,-0.1121140718460083,-0.28256702423095703,10.635345458984375,10.635345458984375,0.0,0.30000001192092896,True,False,0.9957171082496643,False,-1,39.74848983764648,10.917912483215332
4,427,427,/home/pjk/PycharmProjects/openpilot0.9.6/CAP/data/imgs/test_optim_patch26314/4.png,40.442955017089844,-0.13620364665985107,0.19781017303466797,11.119580268859863,11.119580268859863,0.0,0.30000001192092896,True,False,0.996211051940918,False,-1,40.44295547485351,10.921770095825195
5,429,429,/home/pjk/PycharmProjects/openpilot0.9.6/CAP/data/imgs/test_optim_patch26314/5.png,38.92271041870117,-0.11339032649993896,-0.3479905128479004,10.577417373657227,10.577417373657227,0.0,0.30000001192092896,True,False,0.995553195476532,False,-1,38.92271087646484,10.925408363342285
6,432,432,/home/pjk/PycharmProjects/openpilot0.9.6/CAP/data/imgs/test_optim_patch26314/6.png,39.83745193481445,-0.10546219348907471,-0.04774188995361328,10.880529403686523,10.880529403686523,0.0,0.30000001192092896,True,False,0.9959850311279297,False,-1,39.83745239257812,10.928271293640137
7,434,434,/home/pjk/PycharmProjects/openpilot0.9.6/CAP/data/imgs/test_optim_patch26314/7.png,39.80489730834961,-0.11876475811004639,-0.2904815673828125,10.64042854309082,10.64042854309082,0.0,0.30000001192092896,True,False,0.9957832098007202,False,-1,39.80489776611328,10.930910110473633
8,436,436,/home/pjk/PycharmProjects/openpilot0.9.6/CAP/data/imgs/test_optim_patch26314/8.png,39.41498947143555,-0.09518766403198242,-0.03030252456665039,10.904081344604492,10.904081344604492,0.0,0.30000001192092896,True,False,0.9961330890655518,False,-1,39.414989929199216,10.9343843460083
9,438,438,/home/pjk/PycharmProjects/openpilot0.9.6/CAP/data/imgs/test_optim_patch26314/9.png,39.23676300048828,-0.11601042747497559,-0.2888622283935547,10.649707794189453,10.649707794189453,0.0,0.30000001192092896,True,False,0.9958950281143188,False,-1,39.23676345825195,10.938570022583008
10,440,440,/home/pjk/PycharmProjects/openpilot0.9.6/CAP/data/imgs/test_optim_patch26314/10.png,39.158267974853516,-0.13520443439483643,-0.4247093200683594,10.516510009765625,10.516510009765625,0.0,0.30000001192092896,True,False,0.9960297346115112,False,-1,39.158268432617184,10.941219329833984
11,442,442,/home/pjk/PycharmProjects/openpilot0.9.6/CAP/data/imgs/test_optim_patch26314/11.png,38.83782196044922,-0.13280963897705078,-0.32390403747558594,10.618952751159668,10.618952751159668,0.0,0.30000001192092896,True,False,0.9939629435539246,False,-1,38.83782241821289,10.942856788635254
12,444,444,/home/pjk/PycharmProjects/openpilot0.9.6/CAP/data/imgs/test_optim_patch26314/12.png,39.96100997924805,-0.08173274993896484,-0.06491661071777344,10.88005542755127,10.88005542755127,0.0,0.30000001192092896,True,False,0.9964218139648438,False,-1,39.961010437011716,10.944972038269043
13,447,447,/home/pjk/PycharmProjects/openpilot0.9.6/CAP/data/imgs/test_optim_patch26314/13.png,39.06471633911133,-0.10382997989654541,-0.26906490325927734,10.678948402404785,10.678948402404785,0.0,0.30000001192092896,True,False,0.9965260624885559,False,-1,39.064716796875,10.948013305664062
14,449,449,/home/pjk/PycharmProjects/openpilot0.9.6/CAP/data/imgs/test_optim_patch26314/14.png,39.60057830810547,-0.0892641544342041,-0.07300281524658203,10.878133773803711,10.878133773803711,0.0,0.30000001192092896,True,False,0.9973467588424683,False,-1,39.60057876586914,10.951136589050293
15,451,451,/home/pjk/PycharmProjects/openpilot0.9.6/CAP/data/imgs/test_optim_patch26314/15.png,39.066322326660156,-0.07282280921936035,-0.12647151947021484,10.828009605407715,10.828009605407715,0.0,0.30000001192092896,True,False,0.9973416924476624,False,-1,39.066322784423825,10.95448112487793
16,453,453,/home/pjk/PycharmProjects/openpilot0.9.6/CAP/data/imgs/test_optim_patch26314/16.png,39.5192756652832,-0.07444703578948975,-0.010906219482421875,10.94582462310791,10.94582462310791,0.0,0.30000001192092896,True,False,0.9974889755249023,False,-1,39.51927612304687,10.956730842590332
17,455,455,/home/pjk/PycharmProjects/openpilot0.9.6/CAP/data/imgs/test_optim_patch26314/17.png,38.78413772583008,-0.09467315673828125,-0.3712959289550781,10.587449073791504,10.587449073791504,0.0,0.30000001192092896,True,False,0.9973546266555786,False,-1,38.78413818359375,10.958745002746582
18,457,457,/home/pjk/PycharmProjects/openpilot0.9.6/CAP/data/imgs/test_optim_patch26314/18.png,37.9532356262207,-0.13126122951507568,-0.37778282165527344,10.584047317504883,10.584047317504883,0.0,0.30000001192092896,True,False,0.997497022151947,False,-1,37.95323608398437,10.961830139160156
19,460,460,/home/pjk/PycharmProjects/openpilot0.9.6/CAP/data/imgs/test_optim_patch26314/19.png,35.779876708984375,-0.18706166744232178,-0.7305622100830078,10.233572959899902,10.233572959899902,0.0,0.30000001192092896,True,False,0.9973112344741821,False,-1,35.779877166748044,10.96413516998291
20,462,462,/home/pjk/PycharmProjects/openpilot0.9.6/CAP/data/imgs/test_optim_patch26314/20.png,36.27186965942383,-0.1428210735321045,-0.5625700950622559,10.404674530029297,10.404674530029297,0.0,0.30000001192092896,True,False,0.996788740158081,False,-1,36.2718701171875,10.967245101928711
21,464,464,/home/pjk/PycharmProjects/openpilot0.9.6/CAP/data/imgs/test_optim_patch26314/21.png,36.31158447265625,-0.11834442615509033,-0.9168295860290527,10.052085876464844,10.052085876464844,0.0,0.30000001192092896,True,False,0.9962899684906006,False,-1,36.31158493041992,10.968914985656738
22,466,466,/home/pjk/PycharmProjects/openpilot0.9.6/CAP/data/imgs/test_optim_patch26314/22.png,36.278785705566406,-0.17455732822418213,-0.6263337135314941,10.343984603881836,10.343984603881836,0.0,0.30000001192092896,True,False,0.9971933960914612,False,-1,36.278786163330075,10.970317840576172
23,468,468,/home/pjk/PycharmProjects/openpilot0.9.6/CAP/data/imgs/test_optim_patch26314/23.png,36.08339309692383,-0.14145708084106445,-0.5659875869750977,10.406832695007324,10.406832695007324,0.0,0.30000001192092896,True,False,0.9970479607582092,False,-1,36.0833935546875,10.972820281982422
24,471,471,/home/pjk/PycharmProjects/openpilot0.9.6/CAP/data/imgs/test_optim_patch26314/24.png,35.93319320678711,-0.14974641799926758,-0.45349979400634766,10.521119117736816,10.521119117736816,0.0,0.30000001192092896,True,False,0.997337281703949,False,-1,35.93319366455078,10.974618911743164
25,473,473,/home/pjk/PycharmProjects/openpilot0.9.6/CAP/data/imgs/test_optim_patch26314/25.png,36.063419342041016,-0.1804715394973755,-0.682248592376709,10.293598175048828,10.293598175048828,0.0,0.30000001192092896,True,False,0.9974895715713501,False,-1,36.063419799804684,10.975846290588379
26,475,475,/home/pjk/PycharmProjects/openpilot0.9.6/CAP/data/imgs/test_optim_patch26314/26.png,35.73326110839844,-0.18890058994293213,-0.36980247497558594,10.608689308166504,10.608689308166504,0.0,0.30000001192092896,True,False,0.9975735545158386,False,-1,35.733261566162106,10.97849178314209
27,477,477,/home/pjk/PycharmProjects/openpilot0.9.6/CAP/data/imgs/test_optim_patch26314/27.png,35.47917175292969,-0.16631031036376953,-0.8057174682617188,10.174978256225586,10.174978256225586,0.0,0.30000001192092896,True,False,0.9975996613502502,False,-1,35.479172210693356,10.980695724487305
28,479,479,/home/pjk/PycharmProjects/openpilot0.9.6/CAP/data/imgs/test_optim_patch26314/28.png,35.069332122802734,-0.17491281032562256,-0.39760684967041016,10.583795547485352,10.583795547485352,0.0,0.30000001192092896,True,False,0.9977243542671204,False,-1,35.0693325805664,10.981402397155762
29,481,481,/home/pjk/PycharmProjects/openpilot0.9.6/CAP/data/imgs/test_optim_patch26314/29.png,34.660587310791016,-0.16187238693237305,-0.746455192565918,10.237590789794922,10.237590789794922,0.0,0.30000001192092896,True,False,0.9976786971092224,False,-1,34.660587768554684,10.98404598236084
30,483,483,/home/pjk/PycharmProjects/openpilot0.9.6/CAP/data/imgs/test_optim_patch26314/30.png,35.12166976928711,-0.15931236743927002,-0.5336508750915527,10.450338363647461,10.450338363647461,0.0,0.30000001192092896,True,False,0.9979944229125977,False,-1,35.12167022705078,10.983989715576172
31,485,485,/home/pjk/PycharmProjects/openpilot0.9.6/CAP/data/imgs/test_optim_patch26314/31.png,35.26682662963867,-0.15505802631378174,-0.5190262794494629,10.467714309692383,10.467714309692383,0.0,0.30000001192092896,True,False,0.9981195330619812,False,-1,35.26682708740234,10.986741065979004
32,488,488,/home/pjk/PycharmProjects/openpilot0.9.6/CAP/data/imgs/test_optim_patch26314/32.png,35.66510772705078,-0.15204989910125732,-0.4887394905090332,10.50074577331543,10.50074577331543,0.0,0.30000001192092896,True,False,0.9979735016822815,False,-1,35.66510818481445,10.989485740661621
33,490,490,/home/pjk/PycharmProjects/openpilot0.9.6/CAP/data/imgs/test_optim_patch26314/33.png,34.481380462646484,-0.1517409086227417,-0.9533853530883789,10.038207054138184,10.038207054138184,0.0,0.30000001192092896,True,False,0.9971983432769775,False,-1,34.48138092041015,10.991592407226562
34,492,492,/home/pjk/PycharmProjects/openpilot0.9.6/CAP/data/imgs/test_optim_patch26314/34.png,34.77637481689453,-0.17891383171081543,-0.7852792739868164,10.207245826721191,10.207245826721191,0.0,0.30000001192092896,True,False,0.998191773891449,False,-1,34.7763752746582,10.992525100708008
35,494,494,/home/pjk/PycharmProjects/openpilot0.9.6/CAP/data/imgs/test_optim_patch26314/35.png,35.012020111083984,-0.1723726987838745,-0.7676773071289062,10.226401329040527,10.226401329040527,0.0,0.30000001192092896,True,False,0.9978330731391907,False,-1,35.01202056884765,10.994078636169434
36,496,496,/home/pjk/PycharmProjects/openpilot0.9.6/CAP/data/imgs/test_optim_patch26314/36.png,33.5343132019043,-0.19015216827392578,-0.728215217590332,10.26693344116211,10.26693344116211,0.0,0.30000001192092896,True,False,0.9983066320419312,False,-1,33.534313659667966,10.995148658752441
37,498,498,/home/pjk/PycharmProjects/openpilot0.9.6/CAP/data/imgs/test_optim_patch26314/37.png,34.17606735229492,-0.1805891990661621,-0.8217964172363281,10.175495147705078,10.175495147705078,0.0,0.30000001192092896,True,False,0.9981487989425659,False,-1,34.17606781005859,10.997291564941406
38,500,500,/home/pjk/PycharmProjects/openpilot0.9.6/CAP/data/imgs/test_optim_patch26314/38.png,33.14493942260742,-0.1611095666885376,-1.0086922645568848,9.98921012878418,9.98921012878418,0.0,0.30000001192092896,True,False,0.9974372386932373,False,-1,33.14493988037109,10.997901916503906
39,502,502,/home/pjk/PycharmProjects/openpilot0.9.6/CAP/data/imgs/test_optim_patch26314/39.png,34.01655197143555,-0.1300647258758545,-0.9595718383789062,10.04081916809082,10.04081916809082,0.0,0.30000001192092896,True,False,0.9979641437530518,False,-1,34.016552429199216,11.000391006469727
40,505,505,/home/pjk/PycharmProjects/openpilot0.9.6/CAP/data/imgs/test_optim_patch26314/40.png,33.09482192993164,-0.1666017770767212,-1.0305137634277344,9.970094680786133,9.970094680786133,0.0,0.30000001192092896,True,False,0.9982629418373108,False,-1,33.09482238769531,11.000608444213867
41,507,507,/home/pjk/PycharmProjects/openpilot0.9.6/CAP/data/imgs/test_optim_patch26314/41.png,34.02055740356445,-0.18262779712677002,-0.6270136833190918,10.376266479492188,10.376266479492188,0.0,0.30000001192092896,True,False,0.9986317753791809,False,-1,34.02055786132812,11.003279685974121
42,509,509,/home/pjk/PycharmProjects/openpilot0.9.6/CAP/data/imgs/test_optim_patch26314/42.png,33.641944885253906,-0.14627397060394287,-1.2367124557495117,9.768945693969727,9.768945693969727,0.0,0.30000001192092896,True,False,0.9981322884559631,False,-1,33.641945343017575,11.005658149719238
43,511,511,/home/pjk/PycharmProjects/openpilot0.9.6/CAP/data/imgs/test_optim_patch26314/43.png,33.65273666381836,-0.1672886610031128,-1.1309928894042969,9.875375747680664,9.875375747680664,0.0,0.30000001192092896,True,False,0.9980699419975281,False,-1,33.65273712158203,11.006368637084961
44,513,513,/home/pjk/PycharmProjects/openpilot0.9.6/CAP/data/imgs/test_optim_patch26314/44.png,32.98451614379883,-0.13007831573486328,-1.5394887924194336,9.469094276428223,9.469094276428223,0.0,0.30000001192092896,True,False,0.9970734119415283,False,-1,32.9845166015625,11.008583068847656
45,515,515,/home/pjk/PycharmProjects/openpilot0.9.6/CAP/data/imgs/test_optim_patch26314/45.png,33.48391342163086,-0.14802229404449463,-1.2071313858032227,9.80183219909668,9.80183219909668,0.0,0.30000001192092896,True,False,0.9983130693435669,False,-1,33.48391387939453,11.008963584899902
46,518,518,/home/pjk/PycharmProjects/openpilot0.9.6/CAP/data/imgs/test_optim_patch26314/46.png,32.3638801574707,-0.20323336124420166,-1.0869760513305664,9.924518585205078,9.924518585205078,0.0,0.30000001192092896,True,False,0.9986433386802673,False,-1,32.36388061523437,11.011494636535645
47,520,520,/home/pjk/PycharmProjects/openpilot0.9.6/CAP/data/imgs/test_optim_patch26314/47.png,33.03079605102539,-0.19607818126678467,-1.108121395111084,9.905338287353516,9.905338287353516,0.0,0.30000001192092896,True,False,0.9984037280082703,False,-1,33.03079650878906,11.013459205627441
48,522,522,/home/pjk/PycharmProjects/openpilot0.9.6/CAP/data/imgs/test_optim_patch26314/48.png,32.95106887817383,-0.19509375095367432,-1.1850461959838867,9.829715728759766,9.829715728759766,0.0,0.30000001192092896,True,False,0.998660683631897,False,-1,32.9510693359375,11.014761924743652
49,524,524,/home/pjk/PycharmProjects/openpilot0.9.6/CAP/data/imgs/test_optim_patch26314/49.png,32.88750076293945,-0.20485568046569824,-0.9980745315551758,10.017970085144043,10.017970085144043,0.0,0.30000001192092896,True,False,0.9986955523490906,False,-1,32.88750122070312,11.016044616699219
50,526,526,/home/pjk/PycharmProjects/openpilot0.9.6/CAP/data/imgs/test_optim_patch26314/50.png,32.71577072143555,-0.19743478298187256,-1.4240350723266602,9.593332290649414,9.593332290649414,0.0,0.30000001192092896,True,False,0.998528003692627,False,-1,32.715771179199216,11.017367362976074
51,528,528,/home/pjk/PycharmProjects/openpilot0.9.6/CAP/data/imgs/test_optim_patch26314/51.png,33.095577239990234,-0.18062984943389893,-1.185011863708496,9.834894180297852,9.834894180297852,0.0,0.30000001192092896,True,False,0.9986496567726135,False,-1,33.0955776977539,11.019906044006348
52,530,530,/home/pjk/PycharmProjects/openpilot0.9.6/CAP/data/imgs/test_optim_patch26314/52.png,32.51945877075195,-0.17792773246765137,-1.2352495193481445,9.784965515136719,9.784965515136719,0.0,0.30000001192092896,True,False,0.9987248778343201,False,-1,32.51945922851562,11.020215034484863
53,532,532,/home/pjk/PycharmProjects/openpilot0.9.6/CAP/data/imgs/test_optim_patch26314/53.png,32.569820404052734,-0.21239328384399414,-1.0476646423339844,9.974945068359375,9.974945068359375,0.0,0.30000001192092896,True,False,0.998711109161377,False,-1,32.5698208618164,11.02260971069336
54,534,534,/home/pjk/PycharmProjects/openpilot0.9.6/CAP/data/imgs/test_optim_patch26314/54.png,32.84232711791992,-0.18222177028656006,-1.1341133117675781,9.890440940856934,9.890440940856934,0.0,0.30000001192092896,True,False,0.9986869692802429,False,-1,32.84232757568359,11.024554252624512
55,536,536,/home/pjk/PycharmProjects/openpilot0.9.6/CAP/data/imgs/test_optim_patch26314/55.png,31.863170623779297,-0.19231915473937988,-1.4181499481201172,9.607714653015137,9.607714653015137,0.0,0.30000001192092896,True,False,0.9975829124450684,False,-1,31.86317108154297,11.025864601135254
56,538,538,/home/pjk/PycharmProjects/openpilot0.9.6/CAP/data/imgs/test_optim_patch26314/56.png,31.942764282226562,-0.167280912399292,-1.2394161224365234,9.787738800048828,9.787738800048828,0.0,0.30000001192092896,True,False,0.9982093572616577,False,-1,31.942764739990235,11.027154922485352
57,540,540,/home/pjk/PycharmProjects/openpilot0.9.6/CAP/data/imgs/test_optim_patch26314/57.png,32.43647384643555,-0.12677741050720215,-1.0141687393188477,10.014310836791992,10.014310836791992,0.0,0.30000001192092896,True,False,0.9982511401176453,False,-1,32.436474304199216,11.02847957611084
58,542,542,/home/pjk/PycharmProjects/openpilot0.9.6/CAP/data/imgs/test_optim_patch26314/58.png,33.49430465698242,-0.14418065547943115,-0.6178207397460938,10.413331985473633,10.413331985473633,0.0,0.30000001192092896,True,False,0.9983129501342773,False,-1,33.49430511474609,11.031152725219727
59,544,544,/home/pjk/PycharmProjects/openpilot0.9.6/CAP/data/imgs/test_optim_patch26314/59.png,32.070343017578125,-0.14575791358947754,-1.066258430480957,9.965068817138672,9.965068817138672,0.0,0.30000001192092896,True,False,0.9978712797164917,False,-1,32.070343475341794,11.031327247619629
60,546,546,/home/pjk/PycharmProjects/openpilot0.9.6/CAP/data/imgs/test_optim_patch26314/60.png,32.753570556640625,-0.17469573020935059,-1.0370936393737793,9.996490478515625,9.996490478515625,0.0,0.30000001192092896,True,False,0.9978166818618774,False,-1,32.753571014404294,11.033584594726562
61,548,548,/home/pjk/PycharmProjects/openpilot0.9.6/CAP/data/imgs/test_optim_patch26314/61.png,31.72634506225586,-0.19634795188903809,-1.3675308227539062,9.666433334350586,9.666433334350586,0.0,0.30000001192092896,True,False,0.9977946281433105,False,-1,31.72634552001953,11.033964157104492
62,549,549,/home/pjk/PycharmProjects/openpilot0.9.6/CAP/data/imgs/test_optim_patch26314/62.png,31.886463165283203,-0.21098363399505615,-1.235785961151123,9.800567626953125,9.800567626953125,0.0,0.30000001192092896,True,False,0.9977046847343445,False,-1,31.886463623046875,11.03635311126709
63,552,552,/home/pjk/PycharmProjects/openpilot0.9.6/CAP/data/imgs/test_optim_patch26314/63.png,31.29507827758789,-0.18967866897583008,-1.356790542602539,9.679966926574707,9.679966926574707,0.0,0.30000001192092896,True,False,0.9969895482063293,False,-1,31.295078735351563,11.036757469177246
64,554,554,/home/pjk/PycharmProjects/openpilot0.9.6/CAP/data/imgs/test_optim_patch26314/64.png,30.693340301513672,-0.2285022735595703,-1.4133720397949219,9.625907897949219,9.625907897949219,0.0,0.30000001192092896,True,False,0.9971600770950317,False,-1,30.693340759277344,11.03927993774414
65,556,556,/home/pjk/PycharmProjects/openpilot0.9.6/CAP/data/imgs/test_optim_patch26314/65.png,30.907329559326172,-0.25376904010772705,-1.1625738143920898,9.876995086669922,9.876995086669922,0.0,0.30000001192092896,True,False,0.9977725148200989,False,-1,30.907330017089844,11.039568901062012
66,558,558,/home/pjk/PycharmProjects/openpilot0.9.6/CAP/data/imgs/test_optim_patch26314/66.png,30.61208724975586,-0.2115633487701416,-0.9775609970092773,10.064496040344238,10.064496040344238,0.0,0.30000001192092896,True,False,0.9980242252349854,False,-1,30.61208770751953,11.042057037353516
67,560,560,/home/pjk/PycharmProjects/openpilot0.9.6/CAP/data/imgs/test_optim_patch26314/67.png,30.759578704833984,-0.1683950424194336,-1.0963029861450195,9.946043014526367,9.946043014526367,0.0,0.30000001192092896,True,False,0.9979934692382812,False,-1,30.759579162597657,11.042346000671387
68,562,562,/home/pjk/PycharmProjects/openpilot0.9.6/CAP/data/imgs/test_optim_patch26314/68.png,30.195335388183594,-0.24396920204162598,-0.8661708831787109,10.175745010375977,10.175745010375977,0.0,0.30000001192092896,True,False,0.9979698061943054,False,-1,30.195335845947266,11.041915893554688
69,563,563,/home/pjk/PycharmProjects/openpilot0.9.6/CAP/data/imgs/test_optim_patch26314/69.png,30.21326446533203,-0.26572751998901367,-0.9277868270874023,10.11520004272461,10.11520004272461,0.0,0.30000001192092896,True,False,0.9978002905845642,False,-1,30.213264923095704,11.042986869812012
70,565,565,/home/pjk/PycharmProjects/openpilot0.9.6/CAP/data/imgs/test_optim_patch26314/70.png,29.734718322753906,-0.20396828651428223,-1.4854469299316406,9.559487342834473,9.559487342834473,0.0,0.30000001192092896,True,False,0.9964573979377747,False,-1,29.73471878051758,11.044934272766113
71,567,567,/home/pjk/PycharmProjects/openpilot0.9.6/CAP/data/imgs/test_optim_patch26314/71.png,30.29655647277832,-0.18169760704040527,-0.6298503875732422,10.415099143981934,10.415099143981934,0.0,0.30000001192092896,True,False,0.9972938895225525,False,-1,30.296556930541993,11.044949531555176
72,569,569,/home/pjk/PycharmProjects/openpilot0.9.6/CAP/data/imgs/test_optim_patch26314/72.png,29.189666748046875,-0.17317140102386475,-1.0046143531799316,10.039918899536133,10.039918899536133,0.0,0.30000001192092896,True,False,0.997549831867218,False,-1,29.189667205810547,11.044533729553223
73,572,572,/home/pjk/PycharmProjects/openpilot0.9.6/CAP/data/imgs/test_optim_patch26314/73.png,28.98392105102539,-0.1971644163131714,-1.0014362335205078,10.042959213256836,10.042959213256836,0.0,0.30000001192092896,True,False,0.9967285394668579,False,-1,28.983921508789063,11.044395446777344
74,574,574,/home/pjk/PycharmProjects/openpilot0.9.6/CAP/data/imgs/test_optim_patch26314/74.png,28.43320083618164,-0.12966275215148926,-1.3677215576171875,9.676692962646484,9.676692962646484,0.0,0.30000001192092896,True,False,0.9959946870803833,False,-1,28.433201293945313,11.044414520263672
75,576,576,/home/pjk/PycharmProjects/openpilot0.9.6/CAP/data/imgs/test_optim_patch26314/75.png,27.772510528564453,-0.16968762874603271,-1.0945372581481934,9.948976516723633,9.948976516723633,0.0,0.30000001192092896,True,False,0.9979283809661865,False,-1,27.772510986328125,11.043513298034668
76,578,578,/home/pjk/PycharmProjects/openpilot0.9.6/CAP/data/imgs/test_optim_patch26314/76.png,27.84662628173828,-0.171655535697937,-0.8848953247070312,10.15616226196289,10.15616226196289,0.0,0.30000001192092896,True,False,0.997386634349823,False,-1,27.846626739501954,11.041057586669922
77,580,580,/home/pjk/PycharmProjects/openpilot0.9.6/CAP/data/imgs/test_optim_patch26314/77.png,27.712703704833984,-0.16852140426635742,-1.4178047180175781,9.62333869934082,9.62333869934082,0.0,0.30000001192092896,True,False,0.9960691928863525,False,-1,27.712704162597657,11.041143417358398
78,582,582,/home/pjk/PycharmProjects/openpilot0.9.6/CAP/data/imgs/test_optim_patch26314/78.png,28.21421241760254,-0.14612960815429688,-1.1142048835754395,9.927345275878906,9.927345275878906,0.0,0.30000001192092896,True,False,0.9946946501731873,False,-1,28.21421287536621,11.041550636291504
79,585,585,/home/pjk/PycharmProjects/openpilot0.9.6/CAP/data/imgs/test_optim_patch26314/79.png,28.46518898010254,-0.10525274276733398,-1.2127585411071777,9.825851440429688,9.825851440429688,0.0,0.30000001192092896,True,False,0.9930601119995117,False,-1,28.46518943786621,11.038610458374023
80,587,587,/home/pjk/PycharmProjects/openpilot0.9.6/CAP/data/imgs/test_optim_patch26314/80.png,27.796079635620117,-0.11764991283416748,-1.4446496963500977,9.591602325439453,9.591602325439453,0.0,0.30000001192092896,True,False,0.9878227710723877,False,-1,27.79608009338379,11.03625202178955
81,589,589,/home/pjk/PycharmProjects/openpilot0.9.6/CAP/data/imgs/test_optim_patch26314/81.png,27.36904525756836,-0.021830439567565918,-1.216343879699707,9.816569328308105,9.816569328308105,0.0,0.30000001192092896,True,False,0.9929290413856506,False,-1,27.36904571533203,11.032913208007812
82,591,591,/home/pjk/PycharmProjects/openpilot0.9.6/CAP/data/imgs/test_optim_patch26314/82.png,27.120891571044922,-0.0020346641540527344,-1.4713497161865234,9.557476043701172,9.557476043701172,0.0,0.30000001192092896,True,False,0.9952698349952698,False,-1,27.120892028808594,11.028825759887695
83,594,594,/home/pjk/PycharmProjects/openpilot0.9.6/CAP/data/imgs/test_optim_patch26314/83.png,26.46331787109375,0.09128415584564209,-1.201681137084961,9.822568893432617,9.822568893432617,0.0,0.30000001192092896,True,False,0.9943445920944214,False,-1,26.463318328857422,11.024250030517578
84,596,596,/home/pjk/PycharmProjects/openpilot0.9.6/CAP/data/imgs/test_optim_patch26314/84.png,26.389511108398438,0.11915898323059082,-1.4800095558166504,9.538585662841797,9.538585662841797,0.0,0.30000001192092896,True,False,0.9920784831047058,False,-1,26.38951156616211,11.018595695495605
85,598,598,/home/pjk/PycharmProjects/openpilot0.9.6/CAP/data/imgs/test_optim_patch26314/85.png,26.339397430419922,0.29921936988830566,-1.3799066543579102,9.632655143737793,9.632655143737793,0.0,0.30000001192092896,True,False,0.9897137880325317,False,-1,26.339397888183594,11.012561798095703
86,600,600,/home/pjk/PycharmProjects/openpilot0.9.6/CAP/data/imgs/test_optim_patch26314/86.png,26.21363067626953,0.34416210651397705,-1.1032238006591797,9.900992393493652,9.900992393493652,0.0,0.30000001192092896,True,False,0.993354320526123,False,-1,26.213631134033204,11.004216194152832
87,602,602,/home/pjk/PycharmProjects/openpilot0.9.6/CAP/data/imgs/test_optim_patch26314/87.png,26.213903427124023,0.4283822774887085,-1.478816032409668,9.516011238098145,9.516011238098145,0.0,0.30000001192092896,True,False,0.9882799386978149,False,-1,26.213903884887696,10.994827270507812
88,604,604,/home/pjk/PycharmProjects/openpilot0.9.6/CAP/data/imgs/test_optim_patch26314/88.png,25.935562133789062,0.6183398962020874,-1.0319314002990723,9.95405387878418,9.95405387878418,0.0,0.30000001192092896,True,False,0.9859033823013306,False,-1,25.935562591552735,10.985984802246094
89,606,606,/home/pjk/PycharmProjects/openpilot0.9.6/CAP/data/imgs/test_optim_patch26314/89.png,25.52287483215332,0.6351052522659302,-1.3596572875976562,9.618958473205566,9.618958473205566,0.0,0.30000001192092896,True,False,0.9839613437652588,False,-1,25.522875289916993,10.978615760803223
90,608,608,/home/pjk/PycharmProjects/openpilot0.9.6/CAP/data/imgs/test_optim_patch26314/90.png,24.80029296875,0.7598422765731812,-1.1489167213439941,9.818336486816406,9.818336486816406,0.0,0.30000001192092896,True,False,0.9788951873779297,False,-1,24.800293426513672,10.967253684997559
91,610,610,/home/pjk/PycharmProjects/openpilot0.9.6/CAP/data/imgs/test_optim_patch26314/91.png,24.13507843017578,0.8577694892883301,-1.251574993133545,9.703968048095703,9.703968048095703,0.0,0.30000001192092896,True,False,0.985403835773468,False,-1,24.135078887939454,10.955543518066406
92,612,612,/home/pjk/PycharmProjects/openpilot0.9.6/CAP/data/imgs/test_optim_patch26314/92.png,24.022092819213867,1.0129011869430542,-1.2352676391601562,9.708950996398926,9.708950996398926,0.0,0.30000001192092896,True,False,0.9820836782455444,False,-1,24.02209327697754,10.944218635559082
93,614,614,/home/pjk/PycharmProjects/openpilot0.9.6/CAP/data/imgs/test_optim_patch26314/93.png,24.463449478149414,0.9599392414093018,-1.2714767456054688,9.660664558410645,9.660664558410645,0.0,0.30000001192092896,True,False,0.9853928685188293,False,-1,24.463449935913086,10.932141304016113
94,616,616,/home/pjk/PycharmProjects/openpilot0.9.6/CAP/data/imgs/test_optim_patch26314/94.png,23.642053604125977,1.0582265853881836,-1.326162338256836,9.591475486755371,9.591475486755371,0.0,0.30000001192092896,True,False,0.9802168011665344,False,-1,23.64205406188965,10.917637825012207
95,618,618,/home/pjk/PycharmProjects/openpilot0.9.6/CAP/data/imgs/test_optim_patch26314/95.png,23.635822296142578,1.1173735857009888,-1.526127815246582,9.374201774597168,9.374201774597168,0.0,0.30000001192092896,True,False,0.9703561067581177,False,-1,23.63582275390625,10.90032958984375
96,620,620,/home/pjk/PycharmProjects/openpilot0.9.6/CAP/data/imgs/test_optim_patch26314/96.png,23.143856048583984,1.292547345161438,-1.129685401916504,9.75617504119873,9.75617504119873,0.0,0.30000001192092896,True,False,0.9786369800567627,False,-1,23.143856506347657,10.885860443115234
97,622,622,/home/pjk/PycharmProjects/openpilot0.9.6/CAP/data/imgs/test_optim_patch26314/97.png,23.202871322631836,1.4084980487823486,-1.473264217376709,9.394807815551758,9.394807815551758,0.0,0.30000001192092896,True,False,0.9714840054512024,False,-1,23.20287178039551,10.868072509765625
98,624,624,/home/pjk/PycharmProjects/openpilot0.9.6/CAP/data/imgs/test_optim_patch26314/98.png,23.237995147705078,1.5016313791275024,-1.1021270751953125,9.7468900680542,9.7468900680542,0.0,0.30000001192092896,True,False,0.9777662754058838,False,-1,23.23799560546875,10.849017143249512
99,626,626,/home/pjk/PycharmProjects/openpilot0.9.6/CAP/data/imgs/test_optim_patch26314/99.png,23.41065216064453,1.661026954650879,-1.1671347618103027,9.660541534423828,9.660541534423828,0.0,0.30000001192092896,True,False,0.9721593856811523,False,-1,23.410652618408204,10.827676773071289
100,628,628,/home/pjk/PycharmProjects/openpilot0.9.6/CAP/data/imgs/test_optim_patch26314/100.png,22.773080825805664,1.8071829080581665,-1.2340898513793945,9.572460174560547,9.572460174560547,0.0,0.30000001192092896,True,False,0.9550936818122864,False,-1,22.773081283569336,10.806550025939941
